{"branches": 46.485473289597, "coverage": 52.56638183173711}