{"branches": 47.15750232991612, "coverage": 52.73379655997266}