{"branches": 46.19002822201317, "coverage": 53.017641597028785}