{"branches": 46.69151910531221, "coverage": 52.67668399702908}