{"branches": 47.15750232991612, "coverage": 52.872906065976785}