{"branches": 46.66039510818438, "coverage": 53.16272051996286}