{"branches": 47.15750232991612, "coverage": 52.84808318573959}