{"branches": 47.15750232991612, "coverage": 52.700854700854705}