{"branches": 47.16279069767442, "coverage": 52.71225071225071}